id;company;first_name;last_name;contact_designation;email;phone_number;phone_number_extention;preffred_contact_type;website;alternate_contact_person;alternate_contact_number;alternate_phone_number_extention;alternate_contact_email;preferred_contact_time;fax;address;street_address;city;state_province;country;postal_code;dot;mc;tax_id;company_logo;company_logo_content_type;customer_since;notes;contract;contract_content_type;status;preffred_currency;payterms;time_zone;created_date;created_by;last_modified_date;last_modified_by
1;Assistant;Kiana;Bosco;MANAGER;Lora.Morissette@gmail.com;95271;10694;EMAIL;index;Auto Loan Account;1585;12633;Principal sky blue;2020-03-11T06:52:06;76201;Hong Kong alarm;multi-byte;Kertzmannport;dedicated;CANADA;Pa'anga Directives Direct;Villages fuchsia Administrator;9354;Uzbekistan Sum;../fake-data/blob/hipster.png;image/png;2020-03-11;Handcrafted;../fake-data/blob/hipster.png;image/png;INACTIVE;USD;multi-byte;2020-03-11T10:21:06;2020-03-11T14:56:43;transmit;2020-03-12T01:22:01;Compatible primary
2;Credit Card Account;Ceasar;Prohaska;DISPATCHER;Dewayne_Osinski41@hotmail.com;16621;3613;MAIL;Auto Loan Account invoice;Tuna;88493;47201;COM Rhode Island;2020-03-11T19:37:02;11081;Auto Loan Account revolutionary Concrete;application;Lake Carleemouth;Berkshire;USA;fuchsia Robust;connect;65246;Future;../fake-data/blob/hipster.png;image/png;2020-03-11;generating Kenya Handcrafted;../fake-data/blob/hipster.png;image/png;INACTIVE;USD;maroon;2020-03-11T07:59:30;2020-03-11T14:28:54;Via;2020-03-11T19:23:53;overriding Designer initiatives
3;invoice;Althea;Murazik;ACCOUNTANT;Colt90@yahoo.com;68763;33920;EMAIL;Small Manat upward-trending;Refined Concrete Chips Buckinghamshire;69493;87319;Kids Future Egypt;2020-03-11T10:37:40;95683;Ramp Latvian Lats;Internal New Leu Licensed;Larsonview;withdrawal Cambridgeshire Brand;MEXICO;reboot;Shirt quantify;3290;Maine bypass embrace;../fake-data/blob/hipster.png;image/png;2020-03-11;knowledge user optical mindshare;../fake-data/blob/hipster.png;image/png;INACTIVE;INR;SAS;2020-03-11T10:30:52;2020-03-12T05:45:35;orange;2020-03-11T12:32:53;Oregon Mississippi systems
4;Bike connecting Fantastic;Malika;Rowe;OWNER;Shaina.Weissnat@hotmail.com;14777;11267;PHONE;backing up;Data Buckinghamshire;64084;21941;Specialist architectures;2020-03-11T11:51:16;23996;knowledge user SMS;Web Minnesota;Micahborough;Washington;CANADA;SSL;transparent Developer;63549;Engineer Global;../fake-data/blob/hipster.png;image/png;2020-03-11;Savings Account Gorgeous;../fake-data/blob/hipster.png;image/png;INACTIVE;CAD;quantify;2020-03-12T03:26:25;2020-03-11T06:48:48;Nebraska;2020-03-11T19:24:50;Solutions Convertible Marks methodologies
5;Netherlands Antillian Guilder Avon Awesome;Osborne;Fritsch;MANAGER;Emie_Abernathy@yahoo.com;53099;27956;PHONE;Central;invoice;67194;42319;networks Montana;2020-03-11T13:27:59;58429;Web Georgia Syrian Pound;Assistant Somalia Frozen;North Fleta;concept Agent;CANADA;Pula;calculating;71436;Handcrafted payment Sports;../fake-data/blob/hipster.png;image/png;2020-03-11;Executive;../fake-data/blob/hipster.png;image/png;ACTIVE;INR;Markets;2020-03-12T00:21:08;2020-03-11T22:40:37;SDD;2020-03-11T21:17:41;interface Guarani New Hampshire
6;Lead hack;Maria;Dickinson;OWNER;Susanna.Auer@yahoo.com;81562;98751;PHONE;sky blue Ports;Money Market Account Mount Arizona;74759;17623;Automotive experiences;2020-03-11T07:21:36;99398;Factors methodologies artificial intelligence;Tasty;West Anibalmouth;Incredible Plastic Car EXE;USA;Dynamic Bedfordshire withdrawal;CFA Franc BCEAO;65477;Ergonomic Concrete Pizza;../fake-data/blob/hipster.png;image/png;2020-03-12;Moroccan Dirham;../fake-data/blob/hipster.png;image/png;ACTIVE;USD;PCI magenta;2020-03-11T06:36:25;2020-03-11T16:31:38;Solutions;2020-03-11T21:23:20;Buckinghamshire grow
7;Program;Marjory;Prosacco;ACCOUNTANT;Earline94@hotmail.com;20639;18569;PHONE;Bedfordshire Intelligent ADP;Bridge Factors haptic;20394;60091;Tala Analyst;2020-03-11T22:11:17;67004;Handcrafted Concrete Salad;Cambridgeshire;Laynehaven;COM;USA;Tactics Ergonomic driver;Legacy;70575;Representative;../fake-data/blob/hipster.png;image/png;2020-03-12;View transmitter structure;../fake-data/blob/hipster.png;image/png;ACTIVE;CAD;solutions;2020-03-12T01:41:05;2020-03-11T07:39:11;analyzing Mountains;2020-03-11T21:06:26;Credit Card Account
8;Indiana;Autumn;Vandervort;ACCOUNTANT;Neha_Simonis@gmail.com;16153;11719;EMAIL;Baby Bouvet Island (Bouvetoya) visualize;morph Agent bandwidth;24825;83836;Wooden;2020-03-11T22:23:41;22579;B2B Steel Andorra;transmitter;Gulgowskiview;deposit;MEXICO;cyan;Berkshire;76553;index Refined user-centric;../fake-data/blob/hipster.png;image/png;2020-03-11;Regional user-facing;../fake-data/blob/hipster.png;image/png;ACTIVE;INR;content-based Unbranded Integrated;2020-03-11T14:33:07;2020-03-11T14:13:35;Generic;2020-03-11T22:49:54;compress optical matrix
9;e-commerce Vision-oriented overriding;Rudy;Bailey;ACCOUNTANT;Lucious_OKon@hotmail.com;6298;14689;FAX;Jewelery Minnesota India;reintermediate;47910;98189;Credit Card Account transitional Unbranded;2020-03-11T09:03:53;56033;Licensed Cotton Mouse Hat;context-sensitive;Devontehaven;back up;MEXICO;Dalasi Pitcairn Islands quantify;local mint green;42773;applications;../fake-data/blob/hipster.png;image/png;2020-03-11;5th generation;../fake-data/blob/hipster.png;image/png;ACTIVE;CAD;functionalities invoice;2020-03-11T23:39:22;2020-03-11T21:28:58;Bedfordshire;2020-03-11T15:45:10;firewall
10;back-end;Talon;Deckow;DISPATCHER;Aubrey.Schimmel66@hotmail.com;64187;90343;FAX;Research;Heights website;89320;79436;override auxiliary Gloves;2020-03-11T13:54:01;94786;Plastic optical global;Small Rubber Ball;South Adolph;dynamic Handmade matrix;CANADA;compressing;hack redefine;17071;Port Music orchestrate;../fake-data/blob/hipster.png;image/png;2020-03-11;Cambridgeshire 24/365;../fake-data/blob/hipster.png;image/png;INACTIVE;CAD;Industrial Concrete seize;2020-03-11T17:12:20;2020-03-12T06:22:13;Direct Bedfordshire Direct;2020-03-11T23:08:15;Steel
