id;company;first_name;last_name;email;phone_number;licence_number;dob;company_joined_on;company_left_on;image;image_content_type;licence_image;licence_image_content_type;remarks;contract_doc;contract_doc_content_type;status;created_date;created_by;last_modified_date;last_modified_by
1;Investment Account;Delmer;Steuber;Montana_Kuvalis@gmail.com;85783;portal SDD quantify;2020-03-11;2020-03-11;2020-03-11;../fake-data/blob/hipster.png;image/png;../fake-data/blob/hipster.png;image/png;copying Sports;../fake-data/blob/hipster.png;image/png;INACTIVE;2020-03-12T00:59:03;Forward Bacon;2020-03-12T04:22:25;Borders Architect
2;approach;Maximus;Dibbert;Louie_Hayes@gmail.com;35858;incentivize sexy intuitive;2020-03-12;2020-03-11;2020-03-12;../fake-data/blob/hipster.png;image/png;../fake-data/blob/hipster.png;image/png;Connecticut pricing structure;../fake-data/blob/hipster.png;image/png;ACTIVE;2020-03-11T15:22:04;navigating Oman Ergonomic;2020-03-11T10:08:34;Directives
3;Mobility;Helen;Crist;Greg_Emmerich43@hotmail.com;86789;Libyan Arab Jamahiriya withdrawal;2020-03-11;2020-03-11;2020-03-11;../fake-data/blob/hipster.png;image/png;../fake-data/blob/hipster.png;image/png;Bermudian Dollar (customarily known as Bermuda Dollar) matrix invoice;../fake-data/blob/hipster.png;image/png;ACTIVE;2020-03-11T11:04:20;Chicken Avon envisioneer;2020-03-11T13:57:21;Licensed
4;mobile users invoice;Bernardo;Bahringer;Al_Koepp@gmail.com;85249;Divide Berkshire Direct;2020-03-12;2020-03-11;2020-03-12;../fake-data/blob/hipster.png;image/png;../fake-data/blob/hipster.png;image/png;Usability;../fake-data/blob/hipster.png;image/png;INACTIVE;2020-03-11T20:28:36;Director Concrete;2020-03-11T06:58:54;Configuration transmit
5;strategy navigate;Selena;Denesik;Kira13@gmail.com;78802;Managed Intelligent;2020-03-11;2020-03-11;2020-03-11;../fake-data/blob/hipster.png;image/png;../fake-data/blob/hipster.png;image/png;Shoes SQL invoice;../fake-data/blob/hipster.png;image/png;INACTIVE;2020-03-11T08:33:48;Tasty Metal Cheese Berkshire;2020-03-11T15:34:03;PCI Macedonia
6;Handmade Soft Cheese;Nona;Jones;Yessenia6@gmail.com;42723;Handcrafted Concrete Chair;2020-03-11;2020-03-12;2020-03-12;../fake-data/blob/hipster.png;image/png;../fake-data/blob/hipster.png;image/png;Fresh monetize Alaska;../fake-data/blob/hipster.png;image/png;INACTIVE;2020-03-11T19:30:12;International Refined Rubber Gloves;2020-03-11T07:56:06;Plastic Lakes Forward
7;Incredible pixel Buckinghamshire;Heloise;Sawayn;Vivienne11@gmail.com;99869;Fantastic Plastic Hat Profit-focused;2020-03-12;2020-03-11;2020-03-11;../fake-data/blob/hipster.png;image/png;../fake-data/blob/hipster.png;image/png;architectures Bedfordshire bandwidth;../fake-data/blob/hipster.png;image/png;ACTIVE;2020-03-12T00:59:26;invoice Practical;2020-03-11T14:05:34;COM
8;calculate;Nettie;Homenick;Dina_Heaney@gmail.com;16685;bypass world-class;2020-03-11;2020-03-12;2020-03-11;../fake-data/blob/hipster.png;image/png;../fake-data/blob/hipster.png;image/png;Wooden Iraqi Dinar;../fake-data/blob/hipster.png;image/png;INACTIVE;2020-03-11T06:42:26;Fundamental AI;2020-03-11T13:41:23;rich Azerbaijanian Manat revolutionize
9;payment EXE;Ike;Bednar;Luisa_Hermann45@gmail.com;15647;Realigned;2020-03-11;2020-03-11;2020-03-11;../fake-data/blob/hipster.png;image/png;../fake-data/blob/hipster.png;image/png;Intelligent;../fake-data/blob/hipster.png;image/png;ACTIVE;2020-03-11T23:53:03;Integrated bricks-and-clicks Ergonomic Fresh Salad;2020-03-11T21:55:36;Usability
10;Small;Melvina;Schaden;Mozelle42@hotmail.com;906;Ridges;2020-03-11;2020-03-11;2020-03-11;../fake-data/blob/hipster.png;image/png;../fake-data/blob/hipster.png;image/png;pixel Saudi Arabia;../fake-data/blob/hipster.png;image/png;ACTIVE;2020-03-12T02:45:25;supply-chains;2020-03-11T16:47:49;responsive streamline West Virginia
